Id,Category
1,contradiction
2,contradiction
3,contradiction
4,contradiction
5,contradiction
6,contradiction
7,contradiction
8,contradiction
9,contradiction
10,contradiction
11,contradiction
12,contradiction
13,contradiction
14,contradiction
15,contradiction
16,contradiction
17,contradiction
18,contradiction
19,contradiction
20,contradiction
21,contradiction
22,contradiction
23,contradiction
24,contradiction
25,contradiction
26,contradiction
27,contradiction
28,contradiction
29,contradiction
30,contradiction
31,contradiction
32,contradiction
33,contradiction
34,contradiction
35,contradiction
36,contradiction
37,contradiction
38,contradiction
39,contradiction
40,contradiction
41,contradiction
42,contradiction
43,contradiction
44,contradiction
45,contradiction
46,contradiction
47,contradiction
48,contradiction
49,contradiction
50,contradiction
51,contradiction
52,contradiction
53,contradiction
54,contradiction
55,contradiction
56,contradiction
57,contradiction
58,contradiction
59,contradiction
60,contradiction
61,contradiction
62,contradiction
63,contradiction
64,contradiction
65,contradiction
66,contradiction
67,contradiction
68,contradiction
69,contradiction
70,contradiction
71,contradiction
72,contradiction
73,contradiction
74,contradiction
75,contradiction
76,contradiction
77,contradiction
78,contradiction
79,contradiction
80,contradiction
81,contradiction
82,contradiction
83,contradiction
84,contradiction
85,contradiction
86,contradiction
87,contradiction
88,contradiction
89,contradiction
90,contradiction
91,contradiction
92,contradiction
93,contradiction
94,contradiction
95,contradiction
96,contradiction
97,contradiction
98,contradiction
99,contradiction
100,contradiction
101,contradiction
102,contradiction
103,contradiction
104,contradiction
105,contradiction
106,contradiction
107,contradiction
108,contradiction
109,contradiction
110,contradiction
111,contradiction
112,contradiction
113,contradiction
114,contradiction
115,contradiction
116,contradiction
117,contradiction
118,contradiction
119,contradiction
120,contradiction
121,contradiction
122,contradiction
123,contradiction
124,contradiction
125,contradiction
126,contradiction
127,contradiction
128,contradiction
129,contradiction
130,contradiction
131,contradiction
132,contradiction
133,contradiction
134,contradiction
135,contradiction
136,contradiction
137,contradiction
138,contradiction
139,contradiction
140,contradiction
141,contradiction
142,contradiction
143,contradiction
144,contradiction
145,contradiction
146,contradiction
147,contradiction
148,contradiction
149,contradiction
150,contradiction
151,contradiction
152,contradiction
153,contradiction
154,contradiction
155,contradiction
156,contradiction
157,contradiction
158,contradiction
159,contradiction
160,contradiction
161,contradiction
162,contradiction
163,contradiction
164,contradiction
165,contradiction
166,contradiction
167,contradiction
168,contradiction
169,contradiction
170,contradiction
171,contradiction
172,contradiction
173,contradiction
174,contradiction
175,contradiction
176,contradiction
177,contradiction
178,contradiction
179,contradiction
180,contradiction
181,contradiction
182,contradiction
183,contradiction
184,contradiction
185,contradiction
186,contradiction
187,contradiction
188,contradiction
189,contradiction
190,contradiction
191,contradiction
192,contradiction
193,contradiction
194,contradiction
195,contradiction
196,contradiction
197,contradiction
198,contradiction
199,contradiction
200,contradiction
201,contradiction
202,contradiction
203,contradiction
204,contradiction
205,contradiction
206,contradiction
207,contradiction
208,contradiction
209,contradiction
210,contradiction
211,contradiction
212,contradiction
213,contradiction
214,contradiction
215,contradiction
216,contradiction
217,contradiction
218,contradiction
219,contradiction
220,contradiction
221,contradiction
222,contradiction
223,contradiction
224,contradiction
225,contradiction
226,contradiction
227,contradiction
228,contradiction
229,contradiction
230,contradiction
231,contradiction
232,contradiction
233,contradiction
234,contradiction
235,contradiction
236,contradiction
237,contradiction
238,contradiction
239,contradiction
240,contradiction
241,contradiction
242,contradiction
243,contradiction
244,contradiction
245,contradiction
246,contradiction
247,contradiction
248,contradiction
249,contradiction
250,contradiction
251,contradiction
252,contradiction
253,contradiction
254,contradiction
255,contradiction
256,contradiction
257,contradiction
258,contradiction
259,contradiction
260,contradiction
261,contradiction
262,contradiction
263,contradiction
264,contradiction
265,contradiction
266,contradiction
267,contradiction
268,contradiction
269,contradiction
270,contradiction
271,contradiction
272,contradiction
273,contradiction
274,contradiction
275,contradiction
276,contradiction
277,contradiction
278,contradiction
279,contradiction
280,contradiction
281,contradiction
282,contradiction
283,contradiction
284,contradiction
285,contradiction
286,contradiction
287,contradiction
288,contradiction
289,contradiction
290,contradiction
291,contradiction
292,contradiction
293,contradiction
294,contradiction
295,contradiction
296,contradiction
297,contradiction
298,contradiction
299,contradiction
300,contradiction
301,contradiction
302,contradiction
303,contradiction
304,contradiction
305,contradiction
306,contradiction
307,contradiction
308,contradiction
309,contradiction
310,contradiction
311,contradiction
312,contradiction
313,contradiction
314,contradiction
315,contradiction
316,contradiction
317,contradiction
318,contradiction
319,contradiction
320,contradiction
321,contradiction
322,contradiction
323,contradiction
324,contradiction
325,contradiction
326,contradiction
327,contradiction
328,contradiction
329,contradiction
330,contradiction
331,contradiction
332,contradiction
333,contradiction
334,contradiction
335,contradiction
336,contradiction
337,contradiction
338,contradiction
339,contradiction
340,contradiction
341,contradiction
342,contradiction
343,contradiction
344,contradiction
345,contradiction
346,contradiction
347,contradiction
348,contradiction
349,contradiction
350,contradiction
351,contradiction
352,contradiction
353,contradiction
354,contradiction
355,contradiction
356,contradiction
357,contradiction
358,contradiction
359,contradiction
360,contradiction
361,contradiction
362,contradiction
363,contradiction
364,contradiction
365,contradiction
366,contradiction
367,contradiction
368,contradiction
369,contradiction
370,contradiction
371,contradiction
372,contradiction
373,contradiction
374,contradiction
375,contradiction
376,contradiction
377,contradiction
378,contradiction
379,contradiction
380,contradiction
381,contradiction
382,contradiction
383,contradiction
384,contradiction
385,contradiction
386,contradiction
387,contradiction
388,contradiction
389,contradiction
390,contradiction
391,contradiction
392,contradiction
393,contradiction
394,contradiction
395,contradiction
396,contradiction
397,contradiction
398,contradiction
399,contradiction
400,contradiction
401,contradiction
402,contradiction
403,contradiction
404,contradiction
405,contradiction
406,contradiction
407,contradiction
408,contradiction
409,contradiction
410,contradiction
411,contradiction
412,contradiction
413,contradiction
414,contradiction
415,contradiction
416,contradiction
417,contradiction
418,contradiction
419,contradiction
420,contradiction
421,contradiction
422,contradiction
423,contradiction
424,contradiction
425,contradiction
426,contradiction
427,contradiction
428,contradiction
429,contradiction
430,contradiction
431,contradiction
432,contradiction
433,contradiction
434,contradiction
435,contradiction
436,contradiction
437,contradiction
438,contradiction
439,contradiction
440,contradiction
441,contradiction
442,contradiction
443,contradiction
444,contradiction
445,contradiction
446,contradiction
447,contradiction
448,contradiction
449,contradiction
450,contradiction
451,contradiction
452,contradiction
453,contradiction
454,contradiction
455,contradiction
456,contradiction
457,contradiction
458,contradiction
459,contradiction
460,contradiction
461,contradiction
462,contradiction
463,contradiction
464,contradiction
465,contradiction
466,contradiction
467,contradiction
468,contradiction
469,contradiction
470,contradiction
471,contradiction
472,contradiction
473,contradiction
474,contradiction
475,contradiction
476,contradiction
477,contradiction
478,contradiction
479,contradiction
480,contradiction
481,contradiction
482,contradiction
483,contradiction
484,contradiction
485,contradiction
486,contradiction
487,contradiction
488,contradiction
489,contradiction
490,contradiction
491,contradiction
492,contradiction
493,contradiction
494,contradiction
495,contradiction
496,contradiction
497,contradiction
498,contradiction
499,contradiction
500,contradiction
501,contradiction
502,contradiction
503,contradiction
504,contradiction
505,contradiction
506,contradiction
507,contradiction
508,contradiction
509,contradiction
510,contradiction
511,contradiction
512,contradiction
513,contradiction
514,contradiction
515,contradiction
516,contradiction
517,contradiction
518,contradiction
519,contradiction
520,contradiction
521,contradiction
522,contradiction
523,contradiction
524,contradiction
525,contradiction
526,contradiction
527,contradiction
528,contradiction
529,contradiction
530,contradiction
531,contradiction
532,contradiction
533,contradiction
534,contradiction
535,contradiction
536,contradiction
537,contradiction
538,contradiction
539,contradiction
540,contradiction
541,contradiction
542,contradiction
543,contradiction
544,contradiction
545,contradiction
546,contradiction
547,contradiction
548,contradiction
549,contradiction
550,contradiction
551,contradiction
552,contradiction
553,contradiction
554,contradiction
555,contradiction
556,contradiction
557,contradiction
558,contradiction
559,contradiction
560,contradiction
561,contradiction
562,contradiction
563,contradiction
564,contradiction
565,contradiction
566,contradiction
567,contradiction
568,contradiction
569,contradiction
570,contradiction
571,contradiction
572,contradiction
573,contradiction
574,contradiction
575,contradiction
576,contradiction
577,contradiction
578,contradiction
579,contradiction
580,contradiction
581,contradiction
582,contradiction
583,contradiction
584,contradiction
585,contradiction
586,contradiction
587,contradiction
588,contradiction
589,contradiction
590,contradiction
591,contradiction
592,contradiction
593,contradiction
594,contradiction
595,contradiction
596,contradiction
597,contradiction
598,contradiction
599,contradiction
600,contradiction
601,contradiction
602,contradiction
603,contradiction
604,contradiction
605,contradiction
606,contradiction
607,contradiction
608,contradiction
609,contradiction
610,contradiction
611,contradiction
612,contradiction
613,contradiction
614,contradiction
615,contradiction
616,contradiction
617,contradiction
618,contradiction
619,contradiction
620,contradiction
621,contradiction
622,contradiction
623,contradiction
624,contradiction
625,contradiction
626,contradiction
627,contradiction
628,contradiction
629,contradiction
630,contradiction
631,contradiction
632,contradiction
633,contradiction
634,contradiction
635,contradiction
636,contradiction
637,contradiction
638,contradiction
639,contradiction
640,contradiction
641,contradiction
642,contradiction
643,contradiction
644,contradiction
645,contradiction
646,contradiction
647,contradiction
648,contradiction
649,contradiction
650,contradiction
651,contradiction
652,contradiction
653,contradiction
654,contradiction
655,contradiction
656,contradiction
657,contradiction
658,contradiction
659,contradiction
660,contradiction
661,contradiction
662,contradiction
663,contradiction
664,contradiction
665,contradiction
666,contradiction
667,contradiction
668,contradiction
669,contradiction
670,contradiction
671,contradiction
672,contradiction
673,contradiction
674,contradiction
675,contradiction
676,contradiction
677,contradiction
678,contradiction
679,contradiction
680,contradiction
681,contradiction
682,contradiction
683,contradiction
684,contradiction
685,contradiction
686,contradiction
687,contradiction
688,contradiction
689,contradiction
690,contradiction
691,contradiction
692,contradiction
693,contradiction
694,contradiction
695,contradiction
696,contradiction
697,contradiction
698,contradiction
699,contradiction
700,contradiction
701,contradiction
702,contradiction
703,contradiction
704,contradiction
705,contradiction
706,contradiction
707,contradiction
708,contradiction
709,contradiction
710,contradiction
711,contradiction
712,contradiction
713,contradiction
714,contradiction
715,contradiction
716,contradiction
717,contradiction
718,contradiction
719,contradiction
720,contradiction
721,contradiction
722,contradiction
723,contradiction
724,contradiction
725,contradiction
726,contradiction
727,contradiction
728,contradiction
729,contradiction
730,contradiction
731,contradiction
732,contradiction
733,contradiction
734,contradiction
735,contradiction
736,contradiction
737,contradiction
738,contradiction
739,contradiction
740,contradiction
741,contradiction
742,contradiction
743,contradiction
744,contradiction
745,contradiction
746,contradiction
747,contradiction
748,contradiction
749,contradiction
750,contradiction
751,contradiction
752,contradiction
753,contradiction
754,contradiction
755,contradiction
756,contradiction
757,contradiction
758,contradiction
759,contradiction
760,contradiction
761,contradiction
762,contradiction
763,contradiction
764,contradiction
765,contradiction
766,contradiction
767,contradiction
768,contradiction
769,contradiction
770,contradiction
771,contradiction
772,contradiction
773,contradiction
774,contradiction
775,contradiction
776,contradiction
777,contradiction
778,contradiction
779,contradiction
780,contradiction
781,contradiction
782,contradiction
783,contradiction
784,contradiction
785,contradiction
786,contradiction
787,contradiction
788,contradiction
789,contradiction
790,contradiction
791,contradiction
792,contradiction
793,contradiction
794,contradiction
795,contradiction
796,contradiction
797,contradiction
798,contradiction
799,contradiction
800,contradiction
801,contradiction
802,contradiction
803,contradiction
804,contradiction
805,contradiction
806,contradiction
807,contradiction
808,contradiction
809,contradiction
810,contradiction
811,contradiction
812,contradiction
813,contradiction
814,contradiction
815,contradiction
816,contradiction
817,contradiction
818,contradiction
819,contradiction
820,contradiction
821,contradiction
822,contradiction
823,contradiction
824,contradiction
825,contradiction
826,contradiction
827,contradiction
828,contradiction
829,contradiction
830,contradiction
831,contradiction
832,contradiction
833,contradiction
834,contradiction
835,contradiction
836,contradiction
837,contradiction
838,contradiction
839,contradiction
840,contradiction
841,contradiction
842,contradiction
843,contradiction
844,contradiction
845,contradiction
846,contradiction
847,contradiction
848,contradiction
849,contradiction
850,contradiction
851,contradiction
852,contradiction
853,contradiction
854,contradiction
855,contradiction
856,contradiction
857,contradiction
858,contradiction
859,contradiction
860,contradiction
861,contradiction
862,contradiction
863,contradiction
864,contradiction
865,contradiction
866,contradiction
867,contradiction
868,contradiction
869,contradiction
870,contradiction
871,contradiction
872,contradiction
873,contradiction
874,contradiction
875,contradiction
876,contradiction
877,contradiction
878,contradiction
879,contradiction
880,contradiction
881,contradiction
882,contradiction
883,contradiction
884,contradiction
885,contradiction
886,contradiction
887,contradiction
888,contradiction
889,contradiction
890,contradiction
891,contradiction
892,contradiction
893,contradiction
894,contradiction
895,contradiction
896,contradiction
897,contradiction
898,contradiction
899,contradiction
900,contradiction
901,contradiction
902,contradiction
903,contradiction
904,contradiction
905,contradiction
906,contradiction
907,contradiction
908,contradiction
909,contradiction
910,contradiction
911,contradiction
912,contradiction
913,contradiction
914,contradiction
915,contradiction
916,contradiction
917,contradiction
918,contradiction
919,contradiction
920,contradiction
921,contradiction
922,contradiction
923,contradiction
924,contradiction
925,contradiction
926,contradiction
927,contradiction
928,contradiction
929,contradiction
930,contradiction
931,contradiction
932,contradiction
933,contradiction
934,contradiction
935,contradiction
936,contradiction
937,contradiction
938,contradiction
939,contradiction
940,contradiction
941,contradiction
942,contradiction
943,contradiction
944,contradiction
945,contradiction
946,contradiction
947,contradiction
948,contradiction
949,contradiction
950,contradiction
951,contradiction
952,contradiction
953,contradiction
954,contradiction
955,contradiction
956,contradiction
957,contradiction
958,contradiction
959,contradiction
960,contradiction
961,contradiction
962,contradiction
963,contradiction
964,contradiction
965,contradiction
966,contradiction
967,contradiction
968,contradiction
969,contradiction
970,contradiction
971,contradiction
972,contradiction
973,contradiction
974,contradiction
975,contradiction
976,contradiction
977,contradiction
978,contradiction
979,contradiction
980,contradiction
981,contradiction
982,contradiction
983,contradiction
984,contradiction
985,contradiction
986,contradiction
987,contradiction
988,contradiction
989,contradiction
990,contradiction
991,contradiction
992,contradiction
993,contradiction
994,contradiction
995,contradiction
996,contradiction
997,contradiction
998,contradiction
999,contradiction
1000,contradiction
1001,contradiction
1002,contradiction
1003,contradiction
1004,contradiction
1005,contradiction
1006,contradiction
1007,contradiction
1008,contradiction
1009,contradiction
1010,contradiction
1011,contradiction
1012,contradiction
1013,contradiction
1014,contradiction
1015,contradiction
1016,contradiction
1017,contradiction
1018,contradiction
1019,contradiction
1020,contradiction
1021,contradiction
1022,contradiction
1023,contradiction
1024,contradiction
1025,contradiction
1026,contradiction
1027,contradiction
1028,contradiction
1029,contradiction
1030,contradiction
1031,contradiction
1032,contradiction
1033,contradiction
1034,contradiction
1035,contradiction
1036,contradiction
1037,contradiction
1038,contradiction
1039,contradiction
1040,contradiction
1041,contradiction
1042,contradiction
1043,contradiction
1044,contradiction
1045,contradiction
1046,contradiction
1047,contradiction
1048,contradiction
1049,contradiction
1050,contradiction
1051,contradiction
1052,contradiction
1053,contradiction
1054,contradiction
1055,contradiction
1056,contradiction
1057,contradiction
1058,contradiction
1059,contradiction
1060,contradiction
1061,contradiction
1062,contradiction
1063,contradiction
1064,contradiction
1065,contradiction
1066,contradiction
1067,contradiction
1068,contradiction
1069,contradiction
1070,contradiction
1071,contradiction
1072,contradiction
1073,contradiction
1074,contradiction
1075,contradiction
1076,contradiction
1077,contradiction
1078,contradiction
1079,contradiction
1080,contradiction
1081,contradiction
1082,contradiction
1083,contradiction
1084,contradiction
1085,contradiction
1086,contradiction
1087,contradiction
1088,contradiction
1089,contradiction
1090,contradiction
1091,contradiction
1092,contradiction
1093,contradiction
1094,contradiction
1095,contradiction
1096,contradiction
1097,contradiction
1098,contradiction
1099,contradiction
1100,contradiction
1101,contradiction
1102,contradiction
1103,contradiction
1104,contradiction
1105,contradiction
1106,contradiction
1107,contradiction
1108,contradiction
1109,contradiction
1110,contradiction
1111,contradiction
1112,contradiction
1113,contradiction
1114,contradiction
1115,contradiction
1116,contradiction
1117,contradiction
1118,contradiction
1119,contradiction
1120,contradiction
1121,contradiction
1122,contradiction
1123,contradiction
1124,contradiction
1125,contradiction
1126,contradiction
1127,contradiction
1128,contradiction
1129,contradiction
1130,contradiction
1131,contradiction
1132,contradiction
1133,contradiction
1134,contradiction
1135,contradiction
1136,contradiction
1137,contradiction
1138,contradiction
1139,contradiction
1140,contradiction
1141,contradiction
1142,contradiction
1143,contradiction
1144,contradiction
1145,contradiction
1146,contradiction
1147,contradiction
1148,contradiction
1149,contradiction
1150,contradiction
1151,contradiction
1152,contradiction
1153,contradiction
1154,contradiction
1155,contradiction
1156,contradiction
1157,contradiction
1158,contradiction
1159,contradiction
1160,contradiction
1161,contradiction
1162,contradiction
1163,contradiction
1164,contradiction
1165,contradiction
1166,contradiction
1167,contradiction
1168,contradiction
1169,contradiction
1170,contradiction
1171,contradiction
1172,contradiction
1173,contradiction
1174,contradiction
1175,contradiction
1176,contradiction
1177,contradiction
1178,contradiction
1179,contradiction
1180,contradiction
1181,contradiction
1182,contradiction
1183,contradiction
1184,contradiction
1185,contradiction
1186,contradiction
1187,contradiction
1188,contradiction
1189,contradiction
1190,contradiction
1191,contradiction
1192,contradiction
1193,contradiction
1194,contradiction
1195,contradiction
1196,contradiction
1197,contradiction
1198,contradiction
1199,contradiction
1200,contradiction
1201,contradiction
1202,contradiction
1203,contradiction
1204,contradiction
1205,contradiction
1206,contradiction
1207,contradiction
1208,contradiction
1209,contradiction
1210,contradiction
1211,contradiction
1212,contradiction
1213,contradiction
1214,contradiction
1215,contradiction
1216,contradiction
1217,contradiction
1218,contradiction
1219,contradiction
1220,contradiction
1221,contradiction
1222,contradiction
1223,contradiction
1224,contradiction
1225,contradiction
1226,contradiction
1227,contradiction
1228,contradiction
1229,contradiction
1230,contradiction
1231,contradiction
1232,contradiction
1233,contradiction
1234,contradiction
1235,contradiction
1236,contradiction
1237,contradiction
1238,contradiction
1239,contradiction
1240,contradiction
1241,contradiction
1242,contradiction
1243,contradiction
1244,contradiction
1245,contradiction
1246,contradiction
1247,contradiction
1248,contradiction
1249,contradiction
1250,contradiction
1251,contradiction
1252,contradiction
1253,contradiction
1254,contradiction
1255,contradiction
1256,contradiction
1257,contradiction
1258,contradiction
1259,contradiction
1260,contradiction
1261,contradiction
1262,contradiction
1263,contradiction
1264,contradiction
1265,contradiction
1266,contradiction
1267,contradiction
1268,contradiction
1269,contradiction
1270,contradiction
1271,contradiction
1272,contradiction
1273,contradiction
1274,contradiction
1275,contradiction
1276,contradiction
1277,contradiction
1278,contradiction
1279,contradiction
1280,contradiction
1281,contradiction
1282,contradiction
1283,contradiction
1284,contradiction
1285,contradiction
1286,contradiction
1287,contradiction
1288,contradiction
1289,contradiction
1290,contradiction
1291,contradiction
1292,contradiction
1293,contradiction
1294,contradiction
1295,contradiction
1296,contradiction
1297,contradiction
1298,contradiction
1299,contradiction
1300,contradiction
1301,contradiction
1302,contradiction
1303,contradiction
1304,contradiction
1305,contradiction
1306,contradiction
1307,contradiction
1308,contradiction
1309,contradiction
1310,contradiction
1311,contradiction
1312,contradiction
1313,contradiction
1314,contradiction
1315,contradiction
1316,contradiction
1317,contradiction
1318,contradiction
1319,contradiction
1320,contradiction
1321,contradiction
1322,contradiction
1323,contradiction
1324,contradiction
1325,contradiction
1326,contradiction
1327,contradiction
1328,contradiction
1329,contradiction
1330,contradiction
1331,contradiction
1332,contradiction
1333,contradiction
1334,contradiction
1335,contradiction
1336,contradiction
1337,contradiction
1338,contradiction
1339,contradiction
1340,contradiction
1341,contradiction
1342,contradiction
1343,contradiction
1344,contradiction
1345,contradiction
1346,contradiction
1347,contradiction
1348,contradiction
1349,contradiction
1350,contradiction
1351,contradiction
1352,contradiction
1353,contradiction
1354,contradiction
1355,contradiction
1356,contradiction
1357,contradiction
1358,contradiction
1359,contradiction
1360,contradiction
1361,contradiction
1362,contradiction
1363,contradiction
1364,contradiction
1365,contradiction
1366,contradiction
1367,contradiction
1368,contradiction
1369,contradiction
1370,contradiction
1371,contradiction
1372,contradiction
1373,contradiction
1374,contradiction
1375,contradiction
1376,contradiction
1377,contradiction
1378,contradiction
1379,contradiction
1380,contradiction
1381,contradiction
1382,contradiction
1383,contradiction
1384,contradiction
1385,contradiction
1386,contradiction
1387,contradiction
1388,contradiction
1389,contradiction
1390,contradiction
1391,contradiction
1392,contradiction
1393,contradiction
1394,contradiction
1395,contradiction
1396,contradiction
1397,contradiction
1398,contradiction
1399,contradiction
1400,contradiction
1401,contradiction
1402,contradiction
1403,contradiction
1404,contradiction
1405,contradiction
1406,contradiction
1407,contradiction
1408,contradiction
1409,contradiction
1410,contradiction
1411,contradiction
1412,contradiction
1413,contradiction
1414,contradiction
1415,contradiction
1416,contradiction
1417,contradiction
1418,contradiction
1419,contradiction
1420,contradiction
1421,contradiction
1422,contradiction
1423,contradiction
1424,contradiction
1425,contradiction
1426,contradiction
1427,contradiction
1428,contradiction
1429,contradiction
1430,contradiction
1431,contradiction
1432,contradiction
1433,contradiction
1434,contradiction
1435,contradiction
1436,contradiction
1437,contradiction
1438,contradiction
1439,contradiction
1440,contradiction
1441,contradiction
1442,contradiction
1443,contradiction
1444,contradiction
1445,contradiction
1446,contradiction
1447,contradiction
1448,contradiction
1449,contradiction
1450,contradiction
1451,contradiction
1452,contradiction
1453,contradiction
1454,contradiction
1455,contradiction
1456,contradiction
1457,contradiction
1458,contradiction
1459,contradiction
1460,contradiction
1461,contradiction
1462,contradiction
1463,contradiction
1464,contradiction
1465,contradiction
1466,contradiction
1467,contradiction
1468,contradiction
1469,contradiction
1470,contradiction
1471,contradiction
1472,contradiction
1473,contradiction
1474,contradiction
1475,contradiction
1476,contradiction
1477,contradiction
1478,contradiction
1479,contradiction
1480,contradiction
1481,contradiction
1482,contradiction
1483,contradiction
1484,contradiction
1485,contradiction
1486,contradiction
1487,contradiction
1488,contradiction
1489,contradiction
1490,contradiction
1491,contradiction
1492,contradiction
1493,contradiction
1494,contradiction
1495,contradiction
1496,contradiction
1497,contradiction
1498,contradiction
1499,contradiction
1500,contradiction
1501,contradiction
1502,contradiction
1503,contradiction
1504,contradiction
1505,contradiction
1506,contradiction
1507,contradiction
1508,contradiction
1509,contradiction
1510,contradiction
1511,contradiction
1512,contradiction
1513,contradiction
1514,contradiction
1515,contradiction
1516,contradiction
1517,contradiction
1518,contradiction
1519,contradiction
1520,contradiction
1521,contradiction
1522,contradiction
1523,contradiction
1524,contradiction
1525,contradiction
1526,contradiction
1527,contradiction
1528,contradiction
1529,contradiction
1530,contradiction
1531,contradiction
1532,contradiction
1533,contradiction
1534,contradiction
1535,contradiction
1536,contradiction
1537,contradiction
1538,contradiction
1539,contradiction
1540,contradiction
1541,contradiction
1542,contradiction
1543,contradiction
1544,contradiction
1545,contradiction
1546,contradiction
1547,contradiction
1548,contradiction
1549,contradiction
1550,contradiction
1551,contradiction
1552,contradiction
1553,contradiction
1554,contradiction
1555,contradiction
1556,contradiction
1557,contradiction
1558,contradiction
1559,contradiction
1560,contradiction
1561,contradiction
1562,contradiction
1563,contradiction
1564,contradiction
1565,contradiction
1566,contradiction
1567,contradiction
1568,contradiction
1569,contradiction
1570,contradiction
1571,contradiction
1572,contradiction
1573,contradiction
1574,contradiction
1575,contradiction
1576,contradiction
1577,contradiction
1578,contradiction
1579,contradiction
1580,contradiction
1581,contradiction
1582,contradiction
1583,contradiction
1584,contradiction
1585,contradiction
1586,contradiction
1587,contradiction
1588,contradiction
1589,contradiction
1590,contradiction
1591,contradiction
1592,contradiction
1593,contradiction
1594,contradiction
1595,contradiction
1596,contradiction
1597,contradiction
1598,contradiction
1599,contradiction
1600,contradiction
1601,contradiction
1602,contradiction
1603,contradiction
1604,contradiction
1605,contradiction
1606,contradiction
1607,contradiction
1608,contradiction
1609,contradiction
1610,contradiction
1611,contradiction
1612,contradiction
1613,contradiction
1614,contradiction
1615,contradiction
1616,contradiction
1617,contradiction
1618,contradiction
1619,contradiction
1620,contradiction
1621,contradiction
1622,contradiction
1623,contradiction
1624,contradiction
1625,contradiction
1626,contradiction
1627,contradiction
1628,contradiction
1629,contradiction
1630,contradiction
1631,contradiction
1632,contradiction
1633,contradiction
1634,contradiction
1635,contradiction
1636,contradiction
1637,contradiction
1638,contradiction
1639,contradiction
1640,contradiction
1641,contradiction
1642,contradiction
1643,contradiction
1644,contradiction
1645,contradiction
1646,contradiction
1647,contradiction
1648,contradiction
1649,contradiction
1650,contradiction
1651,contradiction
1652,contradiction
1653,contradiction
1654,contradiction
1655,contradiction
1656,contradiction
1657,contradiction
1658,contradiction
1659,contradiction
1660,contradiction
1661,contradiction
1662,contradiction
1663,contradiction
1664,contradiction
1665,contradiction
1666,contradiction
1667,contradiction
1668,contradiction
1669,contradiction
1670,contradiction
1671,contradiction
1672,contradiction
1673,contradiction
1674,contradiction
1675,contradiction
1676,contradiction
1677,contradiction
1678,contradiction
1679,contradiction
1680,contradiction
1681,contradiction
1682,contradiction
1683,contradiction
1684,contradiction
1685,contradiction
1686,contradiction
1687,contradiction
1688,contradiction
1689,contradiction
1690,contradiction
1691,contradiction
1692,contradiction
1693,contradiction
1694,contradiction
1695,contradiction
1696,contradiction
1697,contradiction
1698,contradiction
1699,contradiction
1700,contradiction
1701,contradiction
1702,contradiction
1703,contradiction
1704,contradiction
1705,contradiction
1706,contradiction
1707,contradiction
1708,contradiction
1709,contradiction
1710,contradiction
1711,contradiction
1712,contradiction
1713,contradiction
1714,contradiction
1715,contradiction
1716,contradiction
1717,contradiction
1718,contradiction
1719,contradiction
1720,contradiction
1721,contradiction
1722,contradiction
1723,contradiction
1724,contradiction
1725,contradiction
1726,contradiction
1727,contradiction
1728,contradiction
1729,contradiction
1730,contradiction
1731,contradiction
1732,contradiction
1733,contradiction
1734,contradiction
1735,contradiction
1736,contradiction
1737,contradiction
1738,contradiction
1739,contradiction
1740,contradiction
1741,contradiction
1742,contradiction
1743,contradiction
1744,contradiction
1745,contradiction
1746,contradiction
1747,contradiction
1748,contradiction
1749,contradiction
1750,contradiction
1751,contradiction
1752,contradiction
1753,contradiction
1754,contradiction
1755,contradiction
1756,contradiction
1757,contradiction
1758,contradiction
1759,contradiction
1760,contradiction
1761,contradiction
1762,contradiction
1763,contradiction
1764,contradiction
1765,contradiction
1766,contradiction
1767,contradiction
1768,contradiction
1769,contradiction
1770,contradiction
1771,contradiction
1772,contradiction
1773,contradiction
1774,contradiction
1775,contradiction
1776,contradiction
1777,contradiction
1778,contradiction
1779,contradiction
1780,contradiction
1781,contradiction
1782,contradiction
1783,contradiction
1784,contradiction
1785,contradiction
1786,contradiction
1787,contradiction
1788,contradiction
1789,contradiction
1790,contradiction
1791,contradiction
1792,contradiction
1793,contradiction
1794,contradiction
1795,contradiction
1796,contradiction
1797,contradiction
1798,contradiction
1799,contradiction
1800,contradiction
1801,contradiction
1802,contradiction
1803,contradiction
1804,contradiction
1805,contradiction
1806,contradiction
1807,contradiction
1808,contradiction
1809,contradiction
1810,contradiction
1811,contradiction
1812,contradiction
1813,contradiction
1814,contradiction
1815,contradiction
1816,contradiction
1817,contradiction
1818,contradiction
1819,contradiction
1820,contradiction
1821,contradiction
1822,contradiction
1823,contradiction
1824,contradiction
1825,contradiction
1826,contradiction
1827,contradiction
1828,contradiction
1829,contradiction
1830,contradiction
1831,contradiction
1832,contradiction
1833,contradiction
1834,contradiction
1835,contradiction
1836,contradiction
1837,contradiction
1838,contradiction
1839,contradiction
1840,contradiction
1841,contradiction
1842,contradiction
1843,contradiction
1844,contradiction
1845,contradiction
1846,contradiction
1847,contradiction
1848,contradiction
1849,contradiction
1850,contradiction
1851,contradiction
1852,contradiction
1853,contradiction
1854,contradiction
1855,contradiction
1856,contradiction
1857,contradiction
1858,contradiction
1859,contradiction
1860,contradiction
1861,contradiction
1862,contradiction
1863,contradiction
1864,contradiction
1865,contradiction
1866,contradiction
1867,contradiction
1868,contradiction
1869,contradiction
1870,contradiction
1871,contradiction
1872,contradiction
1873,contradiction
1874,contradiction
1875,contradiction
1876,contradiction
1877,contradiction
1878,contradiction
1879,contradiction
1880,contradiction
1881,contradiction
1882,contradiction
1883,contradiction
1884,contradiction
1885,contradiction
1886,contradiction
1887,contradiction
1888,contradiction
1889,contradiction
1890,contradiction
1891,contradiction
1892,contradiction
1893,contradiction
1894,contradiction
1895,contradiction
1896,contradiction
1897,contradiction
1898,contradiction
1899,contradiction
1900,contradiction
1901,contradiction
1902,contradiction
1903,contradiction
1904,contradiction
1905,contradiction
1906,contradiction
1907,contradiction
1908,contradiction
1909,contradiction
1910,contradiction
1911,contradiction
1912,contradiction
1913,contradiction
1914,contradiction
1915,contradiction
1916,contradiction
1917,contradiction
1918,contradiction
1919,contradiction
1920,contradiction
1921,contradiction
1922,contradiction
1923,contradiction
1924,contradiction
1925,contradiction
1926,contradiction
1927,contradiction
1928,contradiction
1929,contradiction
1930,contradiction
1931,contradiction
1932,contradiction
1933,contradiction
1934,contradiction
1935,contradiction
1936,contradiction
1937,contradiction
1938,contradiction
1939,contradiction
1940,contradiction
1941,contradiction
1942,contradiction
1943,contradiction
1944,contradiction
1945,contradiction
1946,contradiction
1947,contradiction
1948,contradiction
1949,contradiction
1950,contradiction
1951,contradiction
1952,contradiction
1953,contradiction
1954,contradiction
1955,contradiction
1956,contradiction
1957,contradiction
1958,contradiction
1959,contradiction
1960,contradiction
1961,contradiction
1962,contradiction
1963,contradiction
1964,contradiction
1965,contradiction
1966,contradiction
1967,contradiction
1968,contradiction
1969,contradiction
1970,contradiction
1971,contradiction
1972,contradiction
1973,contradiction
1974,contradiction
1975,contradiction
1976,contradiction
1977,contradiction
1978,contradiction
1979,contradiction
1980,contradiction
1981,contradiction
1982,contradiction
1983,contradiction
1984,contradiction
1985,contradiction
1986,contradiction
1987,contradiction
1988,contradiction
1989,contradiction
1990,contradiction
1991,contradiction
1992,contradiction
1993,contradiction
1994,contradiction
1995,contradiction
1996,contradiction
1997,contradiction
1998,contradiction
1999,contradiction
2000,contradiction
2001,contradiction
2002,contradiction
2003,contradiction
2004,contradiction
2005,contradiction
2006,contradiction
2007,contradiction
2008,contradiction
2009,contradiction
2010,contradiction
2011,contradiction
2012,contradiction
2013,contradiction
2014,contradiction
2015,contradiction
2016,contradiction
2017,contradiction
2018,contradiction
2019,contradiction
2020,contradiction
2021,contradiction
2022,contradiction
2023,contradiction
2024,contradiction
2025,contradiction
2026,contradiction
2027,contradiction
2028,contradiction
2029,contradiction
2030,contradiction
2031,contradiction
2032,contradiction
2033,contradiction
2034,contradiction
2035,contradiction
2036,contradiction
2037,contradiction
2038,contradiction
2039,contradiction
2040,contradiction
2041,contradiction
2042,contradiction
2043,contradiction
2044,contradiction
2045,contradiction
2046,contradiction
2047,contradiction
2048,contradiction
2049,contradiction
2050,contradiction
2051,contradiction
2052,contradiction
2053,contradiction
2054,contradiction
2055,contradiction
2056,contradiction
2057,contradiction
2058,contradiction
2059,contradiction
2060,contradiction
2061,contradiction
2062,contradiction
2063,contradiction
2064,contradiction
2065,contradiction
2066,contradiction
2067,contradiction
2068,contradiction
2069,contradiction
2070,contradiction
2071,contradiction
2072,contradiction
2073,contradiction
2074,contradiction
2075,contradiction
2076,contradiction
2077,contradiction
2078,contradiction
2079,contradiction
2080,contradiction
2081,contradiction
2082,contradiction
2083,contradiction
2084,contradiction
2085,contradiction
2086,contradiction
2087,contradiction
2088,contradiction
2089,contradiction
2090,contradiction
2091,contradiction
2092,contradiction
2093,contradiction
2094,contradiction
2095,contradiction
2096,contradiction
2097,contradiction
2098,contradiction
2099,contradiction
2100,contradiction
2101,contradiction
2102,contradiction
2103,contradiction
2104,contradiction
2105,contradiction
2106,contradiction
2107,contradiction
2108,contradiction
2109,contradiction
2110,contradiction
2111,contradiction
2112,contradiction
2113,contradiction
2114,contradiction
2115,contradiction
2116,contradiction
2117,contradiction
2118,contradiction
2119,contradiction
2120,contradiction
2121,contradiction
2122,contradiction
2123,contradiction
2124,contradiction
2125,contradiction
2126,contradiction
2127,contradiction
2128,contradiction
2129,contradiction
2130,contradiction
2131,contradiction
2132,contradiction
2133,contradiction
2134,contradiction
2135,contradiction
2136,contradiction
2137,contradiction
2138,contradiction
2139,contradiction
2140,contradiction
2141,contradiction
2142,contradiction
2143,contradiction
2144,contradiction
2145,contradiction
2146,contradiction
2147,contradiction
2148,contradiction
2149,contradiction
2150,contradiction
2151,contradiction
2152,contradiction
2153,contradiction
2154,contradiction
2155,contradiction
2156,contradiction
2157,contradiction
2158,contradiction
2159,contradiction
2160,contradiction
2161,contradiction
2162,contradiction
2163,contradiction
2164,contradiction
2165,contradiction
2166,contradiction
2167,contradiction
2168,contradiction
2169,contradiction
2170,contradiction
2171,contradiction
2172,contradiction
2173,contradiction
2174,contradiction
2175,contradiction
2176,contradiction
2177,contradiction
2178,contradiction
2179,contradiction
2180,contradiction
2181,contradiction
2182,contradiction
2183,contradiction
2184,contradiction
2185,contradiction
2186,contradiction
2187,contradiction
2188,contradiction
2189,contradiction
2190,contradiction
2191,contradiction
2192,contradiction
2193,contradiction
2194,contradiction
2195,contradiction
2196,contradiction
2197,contradiction
2198,contradiction
2199,contradiction
2200,contradiction
2201,contradiction
2202,contradiction
2203,contradiction
2204,contradiction
2205,contradiction
2206,contradiction
2207,contradiction
2208,contradiction
2209,contradiction
2210,contradiction
2211,contradiction
2212,contradiction
2213,contradiction
2214,contradiction
2215,contradiction
2216,contradiction
2217,contradiction
2218,contradiction
2219,contradiction
2220,contradiction
2221,contradiction
2222,contradiction
2223,contradiction
2224,contradiction
2225,contradiction
2226,contradiction
2227,contradiction
2228,contradiction
2229,contradiction
2230,contradiction
2231,contradiction
2232,contradiction
2233,contradiction
2234,contradiction
2235,contradiction
2236,contradiction
2237,contradiction
2238,contradiction
2239,contradiction
2240,contradiction
2241,contradiction
2242,contradiction
2243,contradiction
2244,contradiction
2245,contradiction
2246,contradiction
2247,contradiction
2248,contradiction
2249,contradiction
2250,contradiction
2251,contradiction
2252,contradiction
2253,contradiction
2254,contradiction
2255,contradiction
2256,contradiction
2257,contradiction
2258,contradiction
2259,contradiction
2260,contradiction
2261,contradiction
2262,contradiction
2263,contradiction
2264,contradiction
2265,contradiction
2266,contradiction
2267,contradiction
2268,contradiction
2269,contradiction
2270,contradiction
2271,contradiction
2272,contradiction
2273,contradiction
2274,contradiction
2275,contradiction
2276,contradiction
2277,contradiction
2278,contradiction
2279,contradiction
2280,contradiction
2281,contradiction
2282,contradiction
2283,contradiction
2284,contradiction
2285,contradiction
2286,contradiction
2287,contradiction
2288,contradiction
2289,contradiction
2290,contradiction
2291,contradiction
2292,contradiction
2293,contradiction
2294,contradiction
2295,contradiction
2296,contradiction
2297,contradiction
2298,contradiction
2299,contradiction
2300,contradiction
2301,contradiction
2302,contradiction
2303,contradiction
2304,contradiction
2305,contradiction
2306,contradiction
2307,contradiction
2308,contradiction
2309,contradiction
2310,contradiction
2311,contradiction
2312,contradiction
2313,contradiction
2314,contradiction
2315,contradiction
2316,contradiction
2317,contradiction
2318,contradiction
2319,contradiction
2320,contradiction
2321,contradiction
2322,contradiction
2323,contradiction
2324,contradiction
2325,contradiction
2326,contradiction
2327,contradiction
2328,contradiction
2329,contradiction
2330,contradiction
2331,contradiction
2332,contradiction
2333,contradiction
2334,contradiction
2335,contradiction
2336,contradiction
2337,contradiction
2338,contradiction
2339,contradiction
2340,contradiction
2341,contradiction
2342,contradiction
2343,contradiction
2344,contradiction
2345,contradiction
2346,contradiction
2347,contradiction
2348,contradiction
2349,contradiction
2350,contradiction
2351,contradiction
2352,contradiction
2353,contradiction
2354,contradiction
2355,contradiction
2356,contradiction
2357,contradiction
2358,contradiction
2359,contradiction
2360,contradiction
2361,contradiction
2362,contradiction
2363,contradiction
2364,contradiction
2365,contradiction
2366,contradiction
2367,contradiction
2368,contradiction
2369,contradiction
2370,contradiction
2371,contradiction
2372,contradiction
2373,contradiction
2374,contradiction
2375,contradiction
2376,contradiction
2377,contradiction
2378,contradiction
2379,contradiction
2380,contradiction
2381,contradiction
2382,contradiction
2383,contradiction
2384,contradiction
2385,contradiction
2386,contradiction
2387,contradiction
2388,contradiction
2389,contradiction
2390,contradiction
2391,contradiction
2392,contradiction
2393,contradiction
2394,contradiction
2395,contradiction
2396,contradiction
2397,contradiction
2398,contradiction
2399,contradiction
2400,contradiction
2401,contradiction
2402,contradiction
2403,contradiction
2404,contradiction
2405,contradiction
2406,contradiction
2407,contradiction
2408,contradiction
2409,contradiction
2410,contradiction
2411,contradiction
2412,contradiction
2413,contradiction
2414,contradiction
2415,contradiction
2416,contradiction
2417,contradiction
2418,contradiction
2419,contradiction
2420,contradiction
2421,contradiction
2422,contradiction
2423,contradiction
2424,contradiction
2425,contradiction
2426,contradiction
2427,contradiction
2428,contradiction
2429,contradiction
2430,contradiction
2431,contradiction
2432,contradiction
2433,contradiction
2434,contradiction
2435,contradiction
2436,contradiction
2437,contradiction
2438,contradiction
2439,contradiction
2440,contradiction
2441,contradiction
2442,contradiction
2443,contradiction
2444,contradiction
2445,contradiction
2446,contradiction
2447,contradiction
2448,contradiction
2449,contradiction
2450,contradiction
2451,contradiction
2452,contradiction
2453,contradiction
2454,contradiction
2455,contradiction
2456,contradiction
2457,contradiction
2458,contradiction
2459,contradiction
2460,contradiction
2461,contradiction
2462,contradiction
2463,contradiction
2464,contradiction
2465,contradiction
2466,contradiction
2467,contradiction
2468,contradiction
2469,contradiction
2470,contradiction
2471,contradiction
2472,contradiction
2473,contradiction
2474,contradiction
2475,contradiction
2476,contradiction
2477,contradiction
2478,contradiction
2479,contradiction
2480,contradiction
2481,contradiction
2482,contradiction
2483,contradiction
2484,contradiction
2485,contradiction
2486,contradiction
2487,contradiction
2488,contradiction
2489,contradiction
2490,contradiction
2491,contradiction
2492,contradiction
2493,contradiction
2494,contradiction
2495,contradiction
2496,contradiction
2497,contradiction
2498,contradiction
2499,contradiction
2500,contradiction
2501,contradiction
2502,contradiction
2503,contradiction
2504,contradiction
2505,contradiction
2506,contradiction
2507,contradiction
2508,contradiction
2509,contradiction
2510,contradiction
2511,contradiction
2512,contradiction
2513,contradiction
2514,contradiction
2515,contradiction
2516,contradiction
2517,contradiction
2518,contradiction
2519,contradiction
2520,contradiction
2521,contradiction
2522,contradiction
2523,contradiction
2524,contradiction
2525,contradiction
2526,contradiction
2527,contradiction
2528,contradiction
2529,contradiction
2530,contradiction
2531,contradiction
2532,contradiction
2533,contradiction
2534,contradiction
2535,contradiction
2536,contradiction
2537,contradiction
2538,contradiction
2539,contradiction
2540,contradiction
2541,contradiction
2542,contradiction
2543,contradiction
2544,contradiction
2545,contradiction
2546,contradiction
2547,contradiction
2548,contradiction
2549,contradiction
2550,contradiction
2551,contradiction
2552,contradiction
2553,contradiction
2554,contradiction
2555,contradiction
2556,contradiction
2557,contradiction
2558,contradiction
2559,contradiction
2560,contradiction
2561,contradiction
2562,contradiction
2563,contradiction
2564,contradiction
2565,contradiction
2566,contradiction
2567,contradiction
2568,contradiction
2569,contradiction
2570,contradiction
2571,contradiction
2572,contradiction
2573,contradiction
2574,contradiction
2575,contradiction
2576,contradiction
2577,contradiction
2578,contradiction
2579,contradiction
2580,contradiction
2581,contradiction
2582,contradiction
2583,contradiction
2584,contradiction
2585,contradiction
2586,contradiction
2587,contradiction
2588,contradiction
2589,contradiction
2590,contradiction
2591,contradiction
2592,contradiction
2593,contradiction
2594,contradiction
2595,contradiction
2596,contradiction
2597,contradiction
2598,contradiction
2599,contradiction
2600,contradiction
2601,contradiction
2602,contradiction
2603,contradiction
2604,contradiction
2605,contradiction
2606,contradiction
2607,contradiction
2608,contradiction
2609,contradiction
2610,contradiction
2611,contradiction
2612,contradiction
2613,contradiction
2614,contradiction
2615,contradiction
2616,contradiction
2617,contradiction
2618,contradiction
2619,contradiction
2620,contradiction
2621,contradiction
2622,contradiction
2623,contradiction
2624,contradiction
2625,contradiction
2626,contradiction
2627,contradiction
2628,contradiction
2629,contradiction
2630,contradiction
2631,contradiction
2632,contradiction
2633,contradiction
2634,contradiction
2635,contradiction
2636,contradiction
2637,contradiction
2638,contradiction
2639,contradiction
2640,contradiction
2641,contradiction
2642,contradiction
2643,contradiction
2644,contradiction
2645,contradiction
2646,contradiction
2647,contradiction
2648,contradiction
2649,contradiction
2650,contradiction
2651,contradiction
2652,contradiction
2653,contradiction
2654,contradiction
2655,contradiction
2656,contradiction
2657,contradiction
2658,contradiction
2659,contradiction
2660,contradiction
2661,contradiction
2662,contradiction
2663,contradiction
2664,contradiction
2665,contradiction
2666,contradiction
2667,contradiction
2668,contradiction
2669,contradiction
2670,contradiction
2671,contradiction
2672,contradiction
2673,contradiction
2674,contradiction
2675,contradiction
2676,contradiction
2677,contradiction
2678,contradiction
2679,contradiction
2680,contradiction
2681,contradiction
2682,contradiction
2683,contradiction
2684,contradiction
2685,contradiction
2686,contradiction
2687,contradiction
2688,contradiction
2689,contradiction
2690,contradiction
2691,contradiction
2692,contradiction
2693,contradiction
2694,contradiction
2695,contradiction
2696,contradiction
2697,contradiction
2698,contradiction
2699,contradiction
2700,contradiction
2701,contradiction
2702,contradiction
2703,contradiction
2704,contradiction
2705,contradiction
2706,contradiction
2707,contradiction
2708,contradiction
2709,contradiction
2710,contradiction
2711,contradiction
2712,contradiction
2713,contradiction
2714,contradiction
2715,contradiction
2716,contradiction
2717,contradiction
2718,contradiction
2719,contradiction
2720,contradiction
2721,contradiction
2722,contradiction
2723,contradiction
2724,contradiction
2725,contradiction
2726,contradiction
2727,contradiction
2728,contradiction
2729,contradiction
2730,contradiction
2731,contradiction
2732,contradiction
2733,contradiction
2734,contradiction
2735,contradiction
2736,contradiction
2737,contradiction
2738,contradiction
2739,contradiction
2740,contradiction
2741,contradiction
2742,contradiction
2743,contradiction
2744,contradiction
2745,contradiction
2746,contradiction
2747,contradiction
2748,contradiction
2749,contradiction
2750,contradiction
2751,contradiction
2752,contradiction
2753,contradiction
2754,contradiction
2755,contradiction
2756,contradiction
2757,contradiction
2758,contradiction
2759,contradiction
2760,contradiction
2761,contradiction
2762,contradiction
2763,contradiction
2764,contradiction
2765,contradiction
2766,contradiction
2767,contradiction
2768,contradiction
2769,contradiction
2770,contradiction
2771,contradiction
2772,contradiction
2773,contradiction
2774,contradiction
2775,contradiction
2776,contradiction
2777,contradiction
2778,contradiction
2779,contradiction
2780,contradiction
2781,contradiction
2782,contradiction
2783,contradiction
2784,contradiction
2785,contradiction
2786,contradiction
2787,contradiction
2788,contradiction
2789,contradiction
2790,contradiction
2791,contradiction
2792,contradiction
2793,contradiction
2794,contradiction
2795,contradiction
2796,contradiction
2797,contradiction
2798,contradiction
2799,contradiction
2800,contradiction
2801,contradiction
2802,contradiction
2803,contradiction
2804,contradiction
2805,contradiction
2806,contradiction
2807,contradiction
2808,contradiction
2809,contradiction
2810,contradiction
2811,contradiction
2812,contradiction
2813,contradiction
2814,contradiction
2815,contradiction
2816,contradiction
2817,contradiction
2818,contradiction
2819,contradiction
2820,contradiction
2821,contradiction
2822,contradiction
2823,contradiction
2824,contradiction
2825,contradiction
2826,contradiction
2827,contradiction
2828,contradiction
2829,contradiction
2830,contradiction
2831,contradiction
2832,contradiction
2833,contradiction
2834,contradiction
2835,contradiction
2836,contradiction
2837,contradiction
2838,contradiction
2839,contradiction
2840,contradiction
2841,contradiction
2842,contradiction
2843,contradiction
2844,contradiction
2845,contradiction
2846,contradiction
2847,contradiction
2848,contradiction
2849,contradiction
2850,contradiction
2851,contradiction
2852,contradiction
2853,contradiction
2854,contradiction
2855,contradiction
2856,contradiction
2857,contradiction
2858,contradiction
2859,contradiction
2860,contradiction
2861,contradiction
2862,contradiction
2863,contradiction
2864,contradiction
2865,contradiction
2866,contradiction
2867,contradiction
2868,contradiction
2869,contradiction
2870,contradiction
2871,contradiction
2872,contradiction
2873,contradiction
2874,contradiction
2875,contradiction
2876,contradiction
2877,contradiction
2878,contradiction
2879,contradiction
2880,contradiction
2881,contradiction
2882,contradiction
2883,contradiction
2884,contradiction
2885,contradiction
2886,contradiction
2887,contradiction
2888,contradiction
2889,contradiction
2890,contradiction
2891,contradiction
2892,contradiction
2893,contradiction
2894,contradiction
2895,contradiction
2896,contradiction
2897,contradiction
2898,contradiction
2899,contradiction
2900,contradiction
2901,contradiction
2902,contradiction
2903,contradiction
2904,contradiction
2905,contradiction
2906,contradiction
2907,contradiction
2908,contradiction
2909,contradiction
2910,contradiction
2911,contradiction
2912,contradiction
2913,contradiction
2914,contradiction
2915,contradiction
2916,contradiction
2917,contradiction
2918,contradiction
2919,contradiction
2920,contradiction
2921,contradiction
2922,contradiction
2923,contradiction
2924,contradiction
2925,contradiction
2926,contradiction
2927,contradiction
2928,contradiction
2929,contradiction
2930,contradiction
2931,contradiction
2932,contradiction
2933,contradiction
2934,contradiction
2935,contradiction
2936,contradiction
2937,contradiction
2938,contradiction
2939,contradiction
2940,contradiction
2941,contradiction
2942,contradiction
2943,contradiction
2944,contradiction
2945,contradiction
2946,contradiction
2947,contradiction
2948,contradiction
2949,contradiction
2950,contradiction
2951,contradiction
2952,contradiction
2953,contradiction
2954,contradiction
2955,contradiction
2956,contradiction
2957,contradiction
2958,contradiction
2959,contradiction
2960,contradiction
2961,contradiction
2962,contradiction
2963,contradiction
2964,contradiction
2965,contradiction
2966,contradiction
2967,contradiction
2968,contradiction
2969,contradiction
2970,contradiction
2971,contradiction
2972,contradiction
2973,contradiction
2974,contradiction
2975,contradiction
2976,contradiction
2977,contradiction
2978,contradiction
2979,contradiction
2980,contradiction
2981,contradiction
2982,contradiction
2983,contradiction
2984,contradiction
2985,contradiction
2986,contradiction
2987,contradiction
2988,contradiction
2989,contradiction
2990,contradiction
2991,contradiction
2992,contradiction
2993,contradiction
2994,contradiction
2995,contradiction
2996,contradiction
2997,contradiction
2998,contradiction
2999,contradiction
3000,contradiction
3001,contradiction
3002,contradiction
3003,contradiction
3004,contradiction
3005,contradiction
3006,contradiction
3007,contradiction
3008,contradiction
3009,contradiction
3010,contradiction
3011,contradiction
3012,contradiction
3013,contradiction
3014,contradiction
3015,contradiction
3016,contradiction
3017,contradiction
3018,contradiction
3019,contradiction
3020,contradiction
3021,contradiction
3022,contradiction
3023,contradiction
3024,contradiction
3025,contradiction
3026,contradiction
3027,contradiction
3028,contradiction
3029,contradiction
3030,contradiction
3031,contradiction
3032,contradiction
3033,contradiction
3034,contradiction
3035,contradiction
3036,contradiction
3037,contradiction
3038,contradiction
3039,contradiction
3040,contradiction
3041,contradiction
3042,contradiction
3043,contradiction
3044,contradiction
3045,contradiction
3046,contradiction
3047,contradiction
3048,contradiction
3049,contradiction
3050,contradiction
3051,contradiction
3052,contradiction
3053,contradiction
3054,contradiction
3055,contradiction
3056,contradiction
3057,contradiction
3058,contradiction
3059,contradiction
3060,contradiction
3061,contradiction
3062,contradiction
3063,contradiction
3064,contradiction
3065,contradiction
3066,contradiction
3067,contradiction
3068,contradiction
3069,contradiction
3070,contradiction
3071,contradiction
3072,contradiction
3073,contradiction
3074,contradiction
3075,contradiction
3076,contradiction
3077,contradiction
3078,contradiction
3079,contradiction
3080,contradiction
3081,contradiction
3082,contradiction
3083,contradiction
3084,contradiction
3085,contradiction
3086,contradiction
3087,contradiction
3088,contradiction
3089,contradiction
3090,contradiction
3091,contradiction
3092,contradiction
3093,contradiction
3094,contradiction
3095,contradiction
3096,contradiction
3097,contradiction
3098,contradiction
3099,contradiction
3100,contradiction
3101,contradiction
3102,contradiction
3103,contradiction
3104,contradiction
3105,contradiction
3106,contradiction
3107,contradiction
3108,contradiction
3109,contradiction
3110,contradiction
3111,contradiction
3112,contradiction
3113,contradiction
3114,contradiction
3115,contradiction
3116,contradiction
3117,contradiction
3118,contradiction
3119,contradiction
3120,contradiction
3121,contradiction
3122,contradiction
3123,contradiction
3124,contradiction
3125,contradiction
3126,contradiction
3127,contradiction
3128,contradiction
3129,contradiction
3130,contradiction
3131,contradiction
3132,contradiction
3133,contradiction
3134,contradiction
3135,contradiction
3136,contradiction
3137,contradiction
3138,contradiction
3139,contradiction
3140,contradiction
3141,contradiction
3142,contradiction
3143,contradiction
3144,contradiction
3145,contradiction
3146,contradiction
3147,contradiction
3148,contradiction
3149,contradiction
3150,contradiction
3151,contradiction
3152,contradiction
3153,contradiction
3154,contradiction
3155,contradiction
3156,contradiction
3157,contradiction
3158,contradiction
3159,contradiction
3160,contradiction
3161,contradiction
3162,contradiction
3163,contradiction
3164,contradiction
3165,contradiction
3166,contradiction
3167,contradiction
3168,contradiction
3169,contradiction
3170,contradiction
3171,contradiction
3172,contradiction
3173,contradiction
3174,contradiction
3175,contradiction
3176,contradiction
3177,contradiction
3178,contradiction
3179,contradiction
3180,contradiction
3181,contradiction
3182,contradiction
3183,contradiction
3184,contradiction
3185,contradiction
3186,contradiction
3187,contradiction
3188,contradiction
3189,contradiction
3190,contradiction
3191,contradiction
3192,contradiction
3193,contradiction
3194,contradiction
3195,contradiction
3196,contradiction
3197,contradiction
3198,contradiction
3199,contradiction
3200,contradiction
3201,contradiction
3202,contradiction
3203,contradiction
3204,contradiction
3205,contradiction
3206,contradiction
3207,contradiction
3208,contradiction
3209,contradiction
3210,contradiction
3211,contradiction
3212,contradiction
3213,contradiction
3214,contradiction
3215,contradiction
3216,contradiction
3217,contradiction
3218,contradiction
3219,contradiction
3220,contradiction
3221,contradiction
3222,contradiction
3223,contradiction
3224,contradiction
3225,contradiction
3226,contradiction
3227,contradiction
3228,contradiction
3229,contradiction
3230,contradiction
3231,contradiction
3232,contradiction
3233,contradiction
3234,contradiction
3235,contradiction
3236,contradiction
3237,contradiction
3238,contradiction
3239,contradiction
3240,contradiction
3241,contradiction
3242,contradiction
3243,contradiction
3244,contradiction
3245,contradiction
3246,contradiction
3247,contradiction
3248,contradiction
3249,contradiction
3250,contradiction
3251,contradiction
3252,contradiction
3253,contradiction
3254,contradiction
3255,contradiction
3256,contradiction
3257,contradiction
3258,contradiction
3259,contradiction
3260,contradiction
3261,contradiction
3262,contradiction
3263,contradiction
3264,contradiction
3265,contradiction
3266,contradiction
3267,contradiction
3268,contradiction
3269,contradiction
3270,contradiction
3271,contradiction
3272,contradiction
3273,contradiction
3274,contradiction
3275,contradiction
3276,contradiction
3277,contradiction
3278,contradiction
3279,contradiction
3280,contradiction
3281,contradiction
3282,contradiction
3283,contradiction
3284,contradiction
3285,contradiction
3286,contradiction
3287,contradiction
3288,contradiction
3289,contradiction
3290,contradiction
3291,contradiction
3292,contradiction
3293,contradiction
3294,contradiction
3295,contradiction
3296,contradiction
3297,contradiction
3298,contradiction
3299,contradiction
3300,contradiction
3301,contradiction
3302,contradiction
3303,contradiction
3304,contradiction
3305,contradiction
3306,contradiction
3307,contradiction
3308,contradiction
3309,contradiction
3310,contradiction
3311,contradiction
3312,contradiction
3313,contradiction
3314,contradiction
3315,contradiction
3316,contradiction
3317,contradiction
3318,contradiction
3319,contradiction
3320,contradiction
3321,contradiction
3322,contradiction
3323,contradiction
3324,contradiction
3325,contradiction
3326,contradiction
3327,contradiction
3328,contradiction
3329,contradiction
3330,contradiction
3331,contradiction
3332,contradiction
3333,contradiction
3334,contradiction
3335,contradiction
3336,contradiction
3337,contradiction
3338,contradiction
3339,contradiction
3340,contradiction
3341,contradiction
3342,contradiction
3343,contradiction
3344,contradiction
3345,contradiction
3346,contradiction
3347,contradiction
3348,contradiction
3349,contradiction
3350,contradiction
3351,contradiction
3352,contradiction
3353,contradiction
3354,contradiction
3355,contradiction
3356,contradiction
3357,contradiction
3358,contradiction
3359,contradiction
3360,contradiction
3361,contradiction
3362,contradiction
3363,contradiction
3364,contradiction
3365,contradiction
3366,contradiction
3367,contradiction
3368,contradiction
3369,contradiction
3370,contradiction
3371,contradiction
3372,contradiction
3373,contradiction
3374,contradiction
3375,contradiction
3376,contradiction
3377,contradiction
3378,contradiction
3379,contradiction
3380,contradiction
3381,contradiction
3382,contradiction
3383,contradiction
3384,contradiction
3385,contradiction
3386,contradiction
3387,contradiction
3388,contradiction
3389,contradiction
3390,contradiction
3391,contradiction
3392,contradiction
3393,contradiction
3394,contradiction
3395,contradiction
3396,contradiction
3397,contradiction
3398,contradiction
3399,contradiction
3400,contradiction
3401,contradiction
3402,contradiction
3403,contradiction
3404,contradiction
3405,contradiction
3406,contradiction
3407,contradiction
3408,contradiction
3409,contradiction
3410,contradiction
3411,contradiction
3412,contradiction
3413,contradiction
3414,contradiction
3415,contradiction
3416,contradiction
3417,contradiction
3418,contradiction
3419,contradiction
3420,contradiction
3421,contradiction
3422,contradiction
3423,contradiction
3424,contradiction
3425,contradiction
3426,contradiction
3427,contradiction
3428,contradiction
3429,contradiction
3430,contradiction
3431,contradiction
3432,contradiction
3433,contradiction
3434,contradiction
3435,contradiction
3436,contradiction
3437,contradiction
3438,contradiction
3439,contradiction
3440,contradiction
3441,contradiction
3442,contradiction
3443,contradiction
3444,contradiction
3445,contradiction
3446,contradiction
3447,contradiction
3448,contradiction
3449,contradiction
3450,contradiction
3451,contradiction
3452,contradiction
3453,contradiction
3454,contradiction
3455,contradiction
3456,contradiction
3457,contradiction
3458,contradiction
3459,contradiction
3460,contradiction
3461,contradiction
3462,contradiction
3463,contradiction
3464,contradiction
3465,contradiction
3466,contradiction
3467,contradiction
3468,contradiction
3469,contradiction
3470,contradiction
3471,contradiction
3472,contradiction
3473,contradiction
3474,contradiction
3475,contradiction
3476,contradiction
3477,contradiction
3478,contradiction
3479,contradiction
3480,contradiction
3481,contradiction
3482,contradiction
3483,contradiction
3484,contradiction
3485,contradiction
3486,contradiction
3487,contradiction
3488,contradiction
3489,contradiction
3490,contradiction
3491,contradiction
3492,contradiction
3493,contradiction
3494,contradiction
3495,contradiction
3496,contradiction
3497,contradiction
3498,contradiction
3499,contradiction
3500,contradiction
3501,contradiction
3502,contradiction
3503,contradiction
3504,contradiction
3505,contradiction
3506,contradiction
3507,contradiction
3508,contradiction
3509,contradiction
3510,contradiction
3511,contradiction
3512,contradiction
3513,contradiction
3514,contradiction
3515,contradiction
3516,contradiction
3517,contradiction
3518,contradiction
3519,contradiction
3520,contradiction
3521,contradiction
3522,contradiction
3523,contradiction
3524,contradiction
3525,contradiction
3526,contradiction
3527,contradiction
3528,contradiction
3529,contradiction
3530,contradiction
3531,contradiction
3532,contradiction
3533,contradiction
3534,contradiction
3535,contradiction
3536,contradiction
3537,contradiction
3538,contradiction
3539,contradiction
3540,contradiction
3541,contradiction
3542,contradiction
3543,contradiction
3544,contradiction
3545,contradiction
3546,contradiction
3547,contradiction
3548,contradiction
3549,contradiction
3550,contradiction
3551,contradiction
3552,contradiction
3553,contradiction
3554,contradiction
3555,contradiction
3556,contradiction
3557,contradiction
3558,contradiction
3559,contradiction
3560,contradiction
3561,contradiction
3562,contradiction
3563,contradiction
3564,contradiction
3565,contradiction
3566,contradiction
3567,contradiction
3568,contradiction
3569,contradiction
3570,contradiction
3571,contradiction
3572,contradiction
3573,contradiction
3574,contradiction
3575,contradiction
3576,contradiction
3577,contradiction
3578,contradiction
3579,contradiction
3580,contradiction
3581,contradiction
3582,contradiction
3583,contradiction
3584,contradiction
3585,contradiction
3586,contradiction
3587,contradiction
3588,contradiction
3589,contradiction
3590,contradiction
3591,contradiction
3592,contradiction
3593,contradiction
3594,contradiction
3595,contradiction
3596,contradiction
3597,contradiction
3598,contradiction
3599,contradiction
3600,contradiction
3601,contradiction
3602,contradiction
3603,contradiction
3604,contradiction
3605,contradiction
3606,contradiction
3607,contradiction
3608,contradiction
3609,contradiction
3610,contradiction
3611,contradiction
3612,contradiction
3613,contradiction
3614,contradiction
3615,contradiction
3616,contradiction
3617,contradiction
3618,contradiction
3619,contradiction
3620,contradiction
3621,contradiction
3622,contradiction
3623,contradiction
3624,contradiction
3625,contradiction
3626,contradiction
3627,contradiction
3628,contradiction
3629,contradiction
3630,contradiction
3631,contradiction
3632,contradiction
3633,contradiction
3634,contradiction
3635,contradiction
3636,contradiction
3637,contradiction
3638,contradiction
3639,contradiction
3640,contradiction
3641,contradiction
3642,contradiction
3643,contradiction
3644,contradiction
3645,contradiction
3646,contradiction
3647,contradiction
3648,contradiction
3649,contradiction
3650,contradiction
3651,contradiction
3652,contradiction
3653,contradiction
3654,contradiction
3655,contradiction
3656,contradiction
3657,contradiction
3658,contradiction
3659,contradiction
3660,contradiction
3661,contradiction
3662,contradiction
3663,contradiction
3664,contradiction
3665,contradiction
3666,contradiction
3667,contradiction
3668,contradiction
3669,contradiction
3670,contradiction
3671,contradiction
3672,contradiction
3673,contradiction
3674,contradiction
3675,contradiction
3676,contradiction
3677,contradiction
3678,contradiction
3679,contradiction
3680,contradiction
3681,contradiction
3682,contradiction
3683,contradiction
3684,contradiction
3685,contradiction
3686,contradiction
3687,contradiction
3688,contradiction
3689,contradiction
3690,contradiction
3691,contradiction
3692,contradiction
3693,contradiction
3694,contradiction
3695,contradiction
3696,contradiction
3697,contradiction
3698,contradiction
3699,contradiction
3700,contradiction
3701,contradiction
3702,contradiction
3703,contradiction
3704,contradiction
3705,contradiction
3706,contradiction
3707,contradiction
3708,contradiction
3709,contradiction
3710,contradiction
3711,contradiction
3712,contradiction
3713,contradiction
3714,contradiction
3715,contradiction
3716,contradiction
3717,contradiction
3718,contradiction
3719,contradiction
3720,contradiction
3721,contradiction
3722,contradiction
3723,contradiction
3724,contradiction
3725,contradiction
3726,contradiction
3727,contradiction
3728,contradiction
3729,contradiction
3730,contradiction
3731,contradiction
3732,contradiction
3733,contradiction
3734,contradiction
3735,contradiction
3736,contradiction
3737,contradiction
3738,contradiction
3739,contradiction
3740,contradiction
3741,contradiction
3742,contradiction
3743,contradiction
3744,contradiction
3745,contradiction
3746,contradiction
3747,contradiction
3748,contradiction
3749,contradiction
3750,contradiction
3751,contradiction
3752,contradiction
3753,contradiction
3754,contradiction
3755,contradiction
3756,contradiction
3757,contradiction
3758,contradiction
3759,contradiction
3760,contradiction
3761,contradiction
3762,contradiction
3763,contradiction
3764,contradiction
3765,contradiction
3766,contradiction
3767,contradiction
3768,contradiction
3769,contradiction
3770,contradiction
3771,contradiction
3772,contradiction
3773,contradiction
3774,contradiction
3775,contradiction
3776,contradiction
3777,contradiction
3778,contradiction
3779,contradiction
3780,contradiction
3781,contradiction
3782,contradiction
3783,contradiction
3784,contradiction
3785,contradiction
3786,contradiction
3787,contradiction
3788,contradiction
3789,contradiction
3790,contradiction
3791,contradiction
3792,contradiction
3793,contradiction
3794,contradiction
3795,contradiction
3796,contradiction
3797,contradiction
3798,contradiction
3799,contradiction
3800,contradiction
3801,contradiction
3802,contradiction
3803,contradiction
3804,contradiction
3805,contradiction
3806,contradiction
3807,contradiction
3808,contradiction
3809,contradiction
3810,contradiction
3811,contradiction
3812,contradiction
3813,contradiction
3814,contradiction
3815,contradiction
3816,contradiction
3817,contradiction
3818,contradiction
3819,contradiction
3820,contradiction
3821,contradiction
3822,contradiction
3823,contradiction
3824,contradiction
3825,contradiction
3826,contradiction
3827,contradiction
3828,contradiction
3829,contradiction
3830,contradiction
3831,contradiction
3832,contradiction
3833,contradiction
3834,contradiction
3835,contradiction
3836,contradiction
3837,contradiction
3838,contradiction
3839,contradiction
3840,contradiction
3841,contradiction
3842,contradiction
3843,contradiction
3844,contradiction
3845,contradiction
3846,contradiction
3847,contradiction
3848,contradiction
3849,contradiction
3850,contradiction
3851,contradiction
3852,contradiction
3853,contradiction
3854,contradiction
3855,contradiction
3856,contradiction
3857,contradiction
3858,contradiction
3859,contradiction
3860,contradiction
3861,contradiction
3862,contradiction
3863,contradiction
3864,contradiction
3865,contradiction
3866,contradiction
3867,contradiction
3868,contradiction
3869,contradiction
3870,contradiction
3871,contradiction
3872,contradiction
3873,contradiction
3874,contradiction
3875,contradiction
3876,contradiction
3877,contradiction
3878,contradiction
3879,contradiction
3880,contradiction
3881,contradiction
3882,contradiction
3883,contradiction
3884,contradiction
3885,contradiction
3886,contradiction
3887,contradiction
3888,contradiction
3889,contradiction
3890,contradiction
3891,contradiction
3892,contradiction
3893,contradiction
3894,contradiction
3895,contradiction
3896,contradiction
3897,contradiction
3898,contradiction
3899,contradiction
3900,contradiction
3901,contradiction
3902,contradiction
3903,contradiction
3904,contradiction
3905,contradiction
3906,contradiction
3907,contradiction
3908,contradiction
3909,contradiction
3910,contradiction
3911,contradiction
3912,contradiction
3913,contradiction
3914,contradiction
3915,contradiction
3916,contradiction
3917,contradiction
3918,contradiction
3919,contradiction
3920,contradiction
3921,contradiction
3922,contradiction
3923,contradiction
3924,contradiction
3925,contradiction
3926,contradiction
3927,contradiction
3928,contradiction
3929,contradiction
3930,contradiction
3931,contradiction
3932,contradiction
3933,contradiction
3934,contradiction
3935,contradiction
3936,contradiction
3937,contradiction
3938,contradiction
3939,contradiction
3940,contradiction
3941,contradiction
3942,contradiction
3943,contradiction
3944,contradiction
3945,contradiction
3946,contradiction
3947,contradiction
3948,contradiction
3949,contradiction
3950,contradiction
3951,contradiction
3952,contradiction
3953,contradiction
3954,contradiction
3955,contradiction
3956,contradiction
3957,contradiction
3958,contradiction
3959,contradiction
3960,contradiction
3961,contradiction
3962,contradiction
3963,contradiction
3964,contradiction
3965,contradiction
3966,contradiction
3967,contradiction
3968,contradiction
3969,contradiction
3970,contradiction
3971,contradiction
3972,contradiction
3973,contradiction
3974,contradiction
3975,contradiction
3976,contradiction
3977,contradiction
3978,contradiction
3979,contradiction
3980,contradiction
3981,contradiction
3982,contradiction
3983,contradiction
3984,contradiction
3985,contradiction
3986,contradiction
3987,contradiction
3988,contradiction
3989,contradiction
3990,contradiction
3991,contradiction
3992,contradiction
3993,contradiction
3994,contradiction
3995,contradiction
3996,contradiction
3997,contradiction
3998,contradiction
3999,contradiction
4000,contradiction
